,Portfolio,Annualized Return,Annualized Volatility,Sharpe Ratio
0,Large Cap - LSTM,0.39827526042884376,0.12078836650685523,3.296238470169619
1,Mid Cap - LSTM,0.398994426480191,0.2571799173145238,1.5509236904854768
2,Small Cap - LSTM,0.048028623936290885,0.202677099483949,0.23633959662070442
3,Large Cap - MPT,0.696212371427477,0.2725433711012035,2.5540315606098525
4,Mid Cap - MPT,0.2222761020798788,0.1873890989182063,1.1854910630465463
5,Small Cap - MPT,0.02081939697344795,0.24905797265451712,0.08307863728638873
6,S&P 500,0.2590547722962078,0.1266935230609924,2.043725409479347
